site_no,q.cfs,da.sq.mi,record.start,record.end,record.length,record.gap,precip.in,elev.ft,relief.ft,slope.pct,HUC8,HR_CODE,HR_NAME,NFDName,NFDCode,DWRName,DWRCode,elev.ft.8,slope.pct.8,precip.in.8,relief.ft.8
10263500,88,22.899990505343975,1950,2019,69,1,26.598,6323.491,5328.084,44.5,18090206,6,Desert,Xeric,3,South Lahontan,7,3152.502,11.224,8.797,7505.22227
10264000,249.02,48.9999796839238,1950,2005,55,24,25.327,5496.391,4914.6990000000005,35.5,18090206,6,Desert,Xeric,3,South Lahontan,7,3152.502,11.224,8.797,7505.22227
10264600,3.501,15.79999344910196,1958,1986,28,1,18.327,5668.307,3861.5490000000004,30.2,18090206,6,Desert,Xeric,3,South Lahontan,7,3152.502,11.224,8.797,7505.22227
10264750,3.2,34.159985836792586,1959,1979,20,1,10.819,4398.294,3864.8289999999997,26.7,18090206,6,Desert,Xeric,3,South Lahontan,7,3152.502,11.224,8.797,7505.22227
10276000,167,32.59998648359012,1950,1978,28,1,25.953,9800.853,9665.355,43.6,18090102,6,Desert,Xeric,3,South Lahontan,7,7275.782,28.099,14.491,10400.54795
10277500,675,1975.999180723131,1950,1975,25,1,15.461,7271.654,10334.646,20.8,18090103,6,Desert,Xeric,3,South Lahontan,7,5799.827,27.34,10.823,10952.9722
10281800,49,18.09999249549022,1950,1978,28,1,27.445,9824.803,8195.538,49.4,18090103,6,Desert,Xeric,3,South Lahontan,7,5799.827,27.34,10.823,10952.9722
10286000,70.02,40.09998337398662,1951,1978,27,1,18.902,10032.809,8809.056,33.9,18090103,6,Desert,Xeric,3,South Lahontan,7,5799.827,27.34,10.823,10952.9722
10287400,201,51.299978730312056,1950,1979,29,1,39.661,9750.328,5770.996999999999,32.4,18090101,6,Desert,Xeric,3,South Lahontan,7,7673.669,17.625,16.578,7080.720342
10287900,280,34.89998552997837,1950,1979,29,1,35.043,10266.733,5567.586,38.2,18090101,6,Desert,Xeric,3,South Lahontan,7,7673.669,17.625,16.578,7080.720342
10289000,52,63.59997363056231,1954,2009,55,30,20.472,8342.192,5659.4490000000005,17.4,16050301,2,Lahontan,Xeric,3,North Lahontan and Desert,6,7172.745,23.599,15.26,7943.001748
10289500,148,19.499991915030897,1954,2015,61,30,32.138,9555.775,5400.262999999999,38.7,16050301,2,Lahontan,Xeric,3,North Lahontan and Desert,6,7172.745,23.599,15.26,7943.001748
10290500,266,39.09998378860042,1954,2015,61,20,38.402,9345.145,5196.8499999999995,44.2,16050301,2,Lahontan,Xeric,3,North Lahontan and Desert,6,7172.745,23.599,15.26,7943.001748
10291500,298,44.09998171553142,1954,2015,61,17,38.055,9192.258,4927.822000000001,36.9,16050301,2,Lahontan,Xeric,3,North Lahontan and Desert,6,7172.745,23.599,15.26,7943.001748
10292000,52,52.79997810839135,1954,2006,52,31,23.146,8386.483,4826.115,24.2,16050301,2,Lahontan,Xeric,3,North Lahontan and Desert,6,7172.745,23.599,15.26,7943.001748
10293500,369,1099.9995439248198,1950,2019,69,17,16.035,7329.397,7778.871000000001,18.8,16050301,2,Lahontan,Xeric,3,North Lahontan and Desert,6,7172.745,23.599,15.26,7943.001748
10295500,273,63.09997383786922,1950,2008,58,10,33.476,8668.964,4770.342000000001,24.2,16050302,2,Lahontan,Xeric,3,North Lahontan and Desert,6,6743.096,23.971,18.455,7292.785077
10296000,1680,180.99992495490218,1950,2019,69,1,40.425,8844.817,4937.665,26.8,16050302,2,Lahontan,Xeric,3,North Lahontan and Desert,6,6743.096,23.971,18.455,7292.785077
10296500,1580,249.99989634654995,1958,2019,61,1,35.65,8604.331,6046.589,26.9,16050302,2,Lahontan,Xeric,3,North Lahontan and Desert,6,6743.096,23.971,18.455,7292.785077
10297500,692,496.9997939369414,1958,2019,61,1,26.917,7551.509,6574.804,23.3,16050302,2,Lahontan,Xeric,3,North Lahontan and Desert,6,6743.096,23.971,18.455,7292.785077
10299100,24,50.39997910346447,1966,2015,49,37,22.098,8344.488,5810.366999999999,24.9,16050302,2,Lahontan,Xeric,3,North Lahontan and Desert,6,6743.096,23.971,18.455,7292.785077
10300000,580,963.9996003122968,1950,2019,69,17,19.602,6825.46,7070.21,18.9,16050302,2,Lahontan,Xeric,3,North Lahontan and Desert,6,6743.096,23.971,18.455,7292.785077
10308200,1840,275.99988556659116,1961,2019,58,1,38.591,7908.465,5977.6900000000005,29.6,16050201,2,Lahontan,Interior Mountains,2,North Lahontan and Desert,6,6656.32,25.537,26.042,6882.635622
10308783,2.511,4.1599982752065925,1999,2019,20,1,25,7922.901,1463.254,18.4,16050201,2,Lahontan,Interior Mountains,2,North Lahontan and Desert,6,6656.32,25.537,26.042,6882.635622
10308789,5.37,7.069997068680433,1999,2019,20,1,25.949,7766.076,1922.5720000000001,19.4,16050201,2,Lahontan,Interior Mountains,2,North Lahontan and Desert,6,6656.32,25.537,26.042,6882.635622
103087891,0.39,0.54999977196241,2004,2019,15,1,24.437,7625,1187.6640000000007,23.8,16050201,2,Lahontan,Interior Mountains,2,North Lahontan and Desert,6,6656.32,25.537,26.042,6882.635622
10308794,13,21.399991127264677,1999,2019,20,1,24.606,7633.859,2683.726999999999,21.5,16050201,2,Lahontan,Interior Mountains,2,North Lahontan and Desert,6,6656.32,25.537,26.042,6882.635622
10308800,28,31.4999869396653,1962,2016,54,15,24.795,7334.974,3585.9579999999996,22.7,16050201,2,Lahontan,Interior Mountains,2,North Lahontan and Desert,6,6656.32,25.537,26.042,6882.635622
10309000,1880,355.99985239748713,1950,2019,69,1,35.295,7629.593,6341.864,27.7,16050201,2,Lahontan,Interior Mountains,2,North Lahontan and Desert,6,6656.32,25.537,26.042,6882.635622
10310000,605,65.39997288425748,1950,2019,69,1,43.35,8073.163,5062.336,24.5,16050201,2,Lahontan,Interior Mountains,2,North Lahontan and Desert,6,6656.32,25.537,26.042,6882.635622
10310400,5.36,3.819998416175283,1966,2019,53,7,25.343,7296.26,4340.552000000001,32.3,16050201,2,Lahontan,Interior Mountains,2,North Lahontan and Desert,6,6656.32,25.537,26.042,6882.635622
10310407,1530,671.9997213795264,2002,2019,17,1,29.311,6955.053,6679.79,21.8,16050201,2,Lahontan,Interior Mountains,2,North Lahontan and Desert,6,6656.32,25.537,26.042,6882.635622
10310500,19,15.4999935734861,1950,2019,69,28,26.362,6841.208,4219.16,26.6,16050201,2,Lahontan,Interior Mountains,2,North Lahontan and Desert,6,6656.32,25.537,26.042,6882.635622
10311000,1870,885.9996326521731,1950,2019,69,1,27.346,6754.593,6745.407,20.6,16050201,2,Lahontan,Interior Mountains,2,North Lahontan and Desert,6,6656.32,25.537,26.042,6882.635622
10311090,1.601,1.8299992412567458,1990,2010,20,1,31.315,7627.297,3490.8139999999994,26.8,16050201,2,Lahontan,Interior Mountains,2,North Lahontan and Desert,6,6656.32,25.537,26.042,6882.635622
10311100,3,4.059998316667971,1977,2019,42,2,25.209,6752.625,3927.164999999999,26.2,16050201,2,Lahontan,Interior Mountains,2,North Lahontan and Desert,6,6656.32,25.537,26.042,6882.635622
10311200,8.82,5.19999784400824,1977,2019,42,1,29.866,7324.475,4032.152,32.2,16050201,2,Lahontan,Interior Mountains,2,North Lahontan and Desert,6,6656.32,25.537,26.042,6882.635622
10311300,52.4,34.39998573728527,1986,2019,33,1,17.917,5791.995,4570.21,18.8,16050201,2,Lahontan,Interior Mountains,2,North Lahontan and Desert,6,6656.32,25.537,26.042,6882.635622
10311400,2650,957.9996027999795,1980,2019,39,6,26.413,6653.544,6797.9000000000005,20.2,16050201,2,Lahontan,Interior Mountains,2,North Lahontan and Desert,6,6656.32,25.537,26.042,6882.635622
10336580,316,14.089994158091557,1991,2011,20,1,52.165,8241.798,3497.375,23.8,16050101,2,Lahontan,Interior Mountains,2,North Lahontan and Desert,6,6963.762,18.26,34.604,4659.627428
10336600,525,33.09998627628322,1961,1986,25,1,48.921,8032.481,3661.4170000000004,25.3,16050101,2,Lahontan,Interior Mountains,2,North Lahontan and Desert,6,6963.762,18.26,34.604,4659.627428
103366092,617,39.299983705677654,1991,2019,28,1,49.827,7989.83,3667.9790000000003,25.5,16050101,2,Lahontan,Interior Mountains,2,North Lahontan and Desert,6,6963.762,18.26,34.604,4659.627428
10336610,573,54.89997723770237,1972,2019,47,7,46.299,7611.221,3743.438,22.3,16050101,2,Lahontan,Interior Mountains,2,North Lahontan and Desert,6,6963.762,18.26,34.604,4659.627428
10336626,269,16.699993075949536,1969,1992,23,1,52.839,7575.788,3599.080999999999,25.7,16050101,2,Lahontan,Interior Mountains,2,North Lahontan and Desert,6,6963.762,18.26,34.604,4659.627428
10336645,162,7.439996915273328,1981,2019,38,1,47.323,7170.276,2477.0339999999997,19.3,16050101,2,Lahontan,Interior Mountains,2,North Lahontan and Desert,6,6963.762,18.26,34.604,4659.627428
10336660,295,11.199995356325438,1961,2019,58,1,58.516,7271.654,2545.932,28.4,16050101,2,Lahontan,Interior Mountains,2,North Lahontan and Desert,6,6963.762,18.26,34.604,4659.627428
10336674,166,4.9599979435155515,1992,2011,19,1,67.965,7508.53,2060.3679999999995,29.2,16050101,2,Lahontan,Interior Mountains,2,North Lahontan and Desert,6,6963.762,18.26,34.604,4659.627428
10336676,248,9.699995978246138,1973,2019,46,1,61,7278.215,2447.5069999999996,24.6,16050101,2,Lahontan,Interior Mountains,2,North Lahontan and Desert,6,6963.762,18.26,34.604,4659.627428
10336698,41.2,6.04999749158651,1970,2019,49,5,42.213,8278.215,4035.433000000001,25,16050101,2,Lahontan,Interior Mountains,2,North Lahontan and Desert,6,6963.762,18.26,34.604,4659.627428
103366993,12.6,2.8499988183506697,1991,2010,19,1,38.642,8128.281,2253.937,22.9,16050101,2,Lahontan,Interior Mountains,2,North Lahontan and Desert,6,6963.762,18.26,34.604,4659.627428
10336700,16.3,6.739997205502988,1970,2019,49,15,35.543,7751.641,2929.79,23.1,16050101,2,Lahontan,Interior Mountains,2,North Lahontan and Desert,6,6963.762,18.26,34.604,4659.627428
10336715,8.5023,2.859998814204532,1974,2018,44,1,36.193,8145.013,1181.1019999999999,20.8,16050101,2,Lahontan,Interior Mountains,2,North Lahontan and Desert,6,6963.762,18.26,34.604,4659.627428
10336730,5.7,4.109998295937282,1972,2019,47,13,29.126,7311.352,2582.0209999999997,23.7,16050101,2,Lahontan,Interior Mountains,2,North Lahontan and Desert,6,6963.762,18.26,34.604,4659.627428
10336740,2.121,2.0899991334571575,1984,2011,27,1,33.646,7797.572,2214.566999999999,19.6,16050101,2,Lahontan,Interior Mountains,2,North Lahontan and Desert,6,6963.762,18.26,34.604,4659.627428
103367592,1.51,0.629999738793306,1990,2010,20,5,32.709,8081.365,3051.182,32.4,16050101,2,Lahontan,Interior Mountains,2,North Lahontan and Desert,6,6963.762,18.26,34.604,4659.627428
10336760,10.8,5.609997674016582,1993,2012,19,1,28.091,7458.662,3234.9089999999997,23.9,16050101,2,Lahontan,Interior Mountains,2,North Lahontan and Desert,6,6963.762,18.26,34.604,4659.627428
10336770,40,7.39999693185788,1991,2010,19,1,36.524,8590.551,3599.081,31.1,16050101,2,Lahontan,Interior Mountains,2,North Lahontan and Desert,6,6963.762,18.26,34.604,4659.627428
10336775,52.6,23.69999017365294,1991,2014,23,1,36.283,7788.058,4278.215,25.5,16050101,2,Lahontan,Interior Mountains,2,North Lahontan and Desert,6,6963.762,18.26,34.604,4659.627428
10336780,117,36.699984783673536,1961,2019,58,1,35.165,7904.856,4570.21,26.1,16050101,2,Lahontan,Interior Mountains,2,North Lahontan and Desert,6,6963.762,18.26,34.604,4659.627428
10337500,455.22,506.9997897908034,1950,2019,69,1,35.047,6963.583,4678.478,14.5,16050102,2,Lahontan,Interior Mountains,2,North Lahontan and Desert,6,6027.722,22.118,23.674,6717.661274
10338000,880,552.9997707185686,1950,2019,69,17,36.22,6966.536,4957.349,15.5,16050102,2,Lahontan,Interior Mountains,2,North Lahontan and Desert,6,6027.722,22.118,23.674,6717.661274
10342000,700,36.49998486659629,1950,1972,22,1,54.933,7250.984,2811.6799999999994,19.1,16050102,2,Lahontan,Interior Mountains,2,North Lahontan and Desert,6,6027.722,22.118,23.674,6717.661274
10343000,134,8.099996641628218,1969,2019,50,1,49.76,7561.68,2181.759,26.1,16050102,2,Lahontan,Interior Mountains,2,North Lahontan and Desert,6,6027.722,22.118,23.674,6717.661274
10343500,60,10.4999956465551,1954,2019,65,1,38.441,7085.958,2319.554,14.2,16050102,2,Lahontan,Interior Mountains,2,North Lahontan and Desert,6,6027.722,22.118,23.674,6717.661274
10344400,786,145.99993946638517,1950,2019,69,2,40.335,6826.444,3497.376,15.8,16050102,2,Lahontan,Interior Mountains,2,North Lahontan and Desert,6,6027.722,22.118,23.674,6717.661274
10346000,2300,931.9996135799383,1950,2019,69,1,37.039,6888.78,5682.415,16.5,16050102,2,Lahontan,Interior Mountains,2,North Lahontan and Desert,6,6027.722,22.118,23.674,6717.661274
10347310,104,24.19998996634604,1993,2019,26,7,26.783,6336.286,3677.822,18.3,16050102,2,Lahontan,Interior Mountains,2,North Lahontan and Desert,6,6027.722,22.118,23.674,6717.661274
10347460,2060,1034.999570874717,1994,2019,25,2,36.244,6848.753,6141.733,17,16050102,2,Lahontan,Interior Mountains,2,North Lahontan and Desert,6,6027.722,22.118,23.674,6717.661274
10347600,51.6,11.499995231941298,1962,2019,57,22,33.819,7707.021,4698.1630000000005,24,16050102,2,Lahontan,Interior Mountains,2,North Lahontan and Desert,6,6027.722,22.118,23.674,6717.661274
10348000,2231,1066.9995576070753,1950,2019,69,1,35.532,6808.071,6377.9529999999995,17,16050102,2,Lahontan,Interior Mountains,2,North Lahontan and Desert,6,6027.722,22.118,23.674,6717.661274
10348200,2121,1069.999556363234,1978,2019,41,1,35.209,6786.089,6437.008,16.9,16050102,2,Lahontan,Interior Mountains,2,North Lahontan and Desert,6,6027.722,22.118,23.674,6717.661274
10348460,13.6,3.2399986566512884,1975,2018,43,1,35,7985.236,1486.2199999999993,16.9,16050102,2,Lahontan,Interior Mountains,2,North Lahontan and Desert,6,6027.722,22.118,23.674,6717.661274
10348850,42,7.689996811619878,1985,2019,34,7,48.122,8563.977,4478.347,32.3,16050102,2,Lahontan,Interior Mountains,2,North Lahontan and Desert,6,6027.722,22.118,23.674,6717.661274
10348900,49,8.4999964757827,1962,1994,32,1,45.134,8266.076,5147.638,29.9,16050102,2,Lahontan,Interior Mountains,2,North Lahontan and Desert,6,6027.722,22.118,23.674,6717.661274
10349300,50.02,122.99994900250258,1962,2019,57,1,21.72,6189.633,6141.732,18.7,16050102,2,Lahontan,Interior Mountains,2,North Lahontan and Desert,6,6027.722,22.118,23.674,6717.661274
10349495,18.41,139.999941954068,2002,2008,6,1,21.39,6147.966,6204.068,18.4,16050102,2,Lahontan,Interior Mountains,2,North Lahontan and Desert,6,6027.722,22.118,23.674,6717.661274
10349980,233.1,243.9998988342328,1978,2019,41,3,19.496,5897.31,6364.83,16.5,16050102,2,Lahontan,Interior Mountains,2,North Lahontan and Desert,6,6027.722,22.118,23.674,6717.661274
10350000,2310,1430.999406687652,1950,2019,69,5,30.524,6480.643,6450.132,16.2,16050102,2,Lahontan,Interior Mountains,2,North Lahontan and Desert,6,6027.722,22.118,23.674,6717.661274
10350340,1720,1579.999344910196,1998,2019,21,1,30.098,6465.551,6555.1179999999995,16.3,16050102,2,Lahontan,Interior Mountains,2,North Lahontan and Desert,6,6027.722,22.118,23.674,6717.661274
10350400,2080,1589.999340764058,1973,1996,23,1,30.016,6458.662,6571.523,16.3,16050102,2,Lahontan,Interior Mountains,2,North Lahontan and Desert,6,6027.722,22.118,23.674,6717.661274
10353770,13.001,30.9999871469722,1974,2000,26,1,12.303,5822.179,3940.2889999999998,19.3,16040203,2,Lahontan,Xeric,3,North Lahontan and Desert,6,5161.764,15.086,11.472,5138.259211
10356500,648.1,183.99992371106077,1951,1994,43,1,34.524,5752.953,3795.932,11.1,18080003,2,Lahontan,Xeric,3,North Lahontan and Desert,6,5181.535,13.172,15.168,4776.656737
10358500,259,89.99996268475799,1951,1994,43,1,19.28,5407.809,2293.307,12.2,18080003,2,Lahontan,Xeric,3,North Lahontan and Desert,6,5181.535,13.172,15.168,4776.656737
10359300,358,225.99990629728117,1961,1982,21,2,29.559,6029.528,2828.084,8.7,18080003,2,Lahontan,Xeric,3,North Lahontan and Desert,6,5181.535,13.172,15.168,4776.656737
10360900,145,25.599989385886715,1961,1982,21,1,35.736,6643.045,3454.7250000000004,27.5,18080001,2,Lahontan,Xeric,3,North Lahontan and Desert,6,5390.321,15.639,17.075,5455.818251
10370000,378,62.9999738793306,1951,1973,22,1,20.134,6255.578,2759.187,13.7,17120007,2,Lahontan,Xeric,3,North Lahontan and Desert,6,5369.516,9.76,13.517,3998.159702
10371000,211,66.99997222087539,1951,1973,22,2,18.445,5940.289,3300.5250000000005,6.5,17120007,2,Lahontan,Xeric,3,North Lahontan and Desert,6,5369.516,9.76,13.517,3998.159702
10371500,1100,248.9998967611638,1950,1991,41,1,21.354,6139.108,3467.848,10.6,17120007,2,Lahontan,Xeric,3,North Lahontan and Desert,6,5369.516,9.76,13.517,3998.159702
10378500,344,169.99992951565397,1950,1991,41,1,19.748,5946.523,3822.178,9.6,17120007,2,Lahontan,Xeric,3,North Lahontan and Desert,6,5369.516,9.76,13.517,3998.159702
11181390,131,7.789996770158497,1976,1995,19,1,26.283,760.171,1814.3049999999998,18.1,18050002,1,North Coast,Xeric,3,San Francisco Bay,2,495.185,20.089,32.174,4235.187876
11182100,125,9.999995853861998,1950,1977,27,1,24.669,601.378,1043.307,16.4,18050002,1,North Coast,Xeric,3,San Francisco Bay,2,495.185,20.089,32.174,4235.187876
11186000,2490,845.9996492367252,1961,2019,58,1,29.291,8628.937,10816.93,31.9,18030001,3,Sierra Nevada,Interior Mountains,2,San Joaquin and Tulare,5,7886.128,39.154,30.379,12010.02305
11187000,3180,1008.9995816546757,1954,1993,39,1,29.087,8155.184,11801.182,32.1,18030001,3,Sierra Nevada,Interior Mountains,2,San Joaquin and Tulare,5,7886.128,39.154,30.379,12010.02305
11189500,472.1,529.999780254686,1950,2019,69,4,18.768,7730.971,9229.002999999999,22.4,18030002,3,Sierra Nevada,Interior Mountains,2,San Joaquin and Tulare,5,6449.425,31.803,17.372,9652.326397
11192500,1471,2257.9990638020395,1951,2019,68,7,22.193,6981.628,12578.741,28.3,18030003,4,Central Coast,Xeric,3,San Joaquin and Tulare,5,2451.522,24.292,10.73,8535.742194
11194000,1950,2406.999002024583,1950,1976,26,1,21.736,6712.927,14002.625,28,18030003,4,Central Coast,Xeric,3,San Joaquin and Tulare,5,2451.522,24.292,10.73,8535.742194
11195500,12,48.799979766846555,1960,1981,21,1,15.016,5230.643,7168.635,38.5,18030003,4,Central Coast,Xeric,3,San Joaquin and Tulare,5,2451.522,24.292,10.73,8535.742194
11196400,40,164.999931588723,1962,1982,20,1,11.669,4081.365,6141.732,28.5,18030003,4,Central Coast,Xeric,3,San Joaquin and Tulare,5,2451.522,24.292,10.73,8535.742194
11196420,16,53.199977942545836,1963,1985,22,1,14.177,4693.57,4471.784000000001,16.8,18030003,4,Central Coast,Xeric,3,San Joaquin and Tulare,5,2451.522,24.292,10.73,8535.742194
11197250,79.004,57.09997632555202,1962,1986,24,1,12.697,2012.795,3503.937,20.4,18030012,4,Central Coast,Xeric,3,San Joaquin and Tulare,5,817.225,9.817,9.836,6923.18334
11197800,236.04,229.99990463882597,1960,1985,25,1,23.008,3679.79,7578.74,22.2,18030004,4,Central Coast,Xeric,3,San Joaquin and Tulare,5,1834.878,17.574,13.609,8083.121766
11199500,111.01,90.59996243598971,1950,2005,55,19,20.213,2410.761,7585.302,20.3,18030005,3,Sierra Nevada,Xeric,3,San Joaquin and Tulare,5,989.206,10.012,11.643,8085.712969
11200800,246,83.29996546267044,1969,2019,50,1,28.406,3985.893,7181.758,30.8,18030005,3,Sierra Nevada,Xeric,3,San Joaquin and Tulare,5,989.206,10.012,11.643,8085.712969
11202000,207,39.299983705677654,1950,2019,69,7,41.972,6741.142,7335.9580000000005,41.7,18030006,3,Sierra Nevada,Xeric,3,San Joaquin and Tulare,5,2022.19,20.998,19.475,10046.76797
11203580,121,20.09999166626262,2001,2019,18,1,39.205,6207.677,5554.462,34.8,18030006,3,Sierra Nevada,Xeric,3,San Joaquin and Tulare,5,2022.19,20.998,19.475,10046.76797
11204100,459,95.79996027999795,2001,2019,18,1,31.429,4424.869,8307.087000000001,34.4,18030006,3,Sierra Nevada,Xeric,3,San Joaquin and Tulare,5,2022.19,20.998,19.475,10046.76797
11204500,332,108.99995480709579,1950,1990,40,3,29.709,4059.711,8513.78,32.6,18030006,3,Sierra Nevada,Xeric,3,San Joaquin and Tulare,5,2022.19,20.998,19.475,10046.76797
11206500,728,101.99995770939239,1950,2003,53,3,41.091,7502.297,10272.31,45.6,18030007,3,Sierra Nevada,Xeric,3,San Joaquin and Tulare,5,2539.415,22.228,22.343,12435.07418
11208000,371.1,51.399978688850666,1951,2019,68,2,47.386,7837.271,9340.551,30.6,18030007,3,Sierra Nevada,Xeric,3,San Joaquin and Tulare,5,2539.415,22.228,22.343,12435.07418
11208730,566,85.79996442613596,1953,2019,66,16,39.394,7588.255,9793.308,38.4,18030007,3,Sierra Nevada,Xeric,3,San Joaquin and Tulare,5,2539.415,22.228,22.343,12435.07418
11209900,2050,417.9998266914316,1959,1990,31,1,39.02,6221.129,11663.385999999999,37,18030007,3,Sierra Nevada,Xeric,3,San Joaquin and Tulare,5,2539.415,22.228,22.343,12435.07418
11210100,358.1,86.69996405298355,1959,1990,31,1,35.185,5174.541,10564.305,33.7,18030007,3,Sierra Nevada,Xeric,3,San Joaquin and Tulare,5,2539.415,22.228,22.343,12435.07418
11211300,264.02,75.5999686551967,1960,1994,34,1,29.646,2667.651,6998.032,25.4,18030007,3,Sierra Nevada,Xeric,3,San Joaquin and Tulare,5,2539.415,22.228,22.343,12435.07418
11213500,8070,951.9996052876622,1950,1982,32,1,38.768,8596.129,13166.011,42,18030010,3,Sierra Nevada,Interior Mountains,2,San Joaquin and Tulare,5,7640.052,43.963,39.32,13323.0547
11214000,574,37.699984369059734,1957,1981,24,1,45.972,10199.803,4379.921,27,18030010,3,Sierra Nevada,Interior Mountains,2,San Joaquin and Tulare,5,7640.052,43.963,39.32,13323.0547
11215000,520,180.99992495490218,1950,2019,69,7,43.858,9166.011,6354.987,22.6,18030010,3,Sierra Nevada,Interior Mountains,2,San Joaquin and Tulare,5,7640.052,43.963,39.32,13323.0547
11216500,595,249.99989634654995,1961,2019,58,1,42.268,8483.268,11253.281,23.9,18030010,3,Sierra Nevada,Interior Mountains,2,San Joaquin and Tulare,5,7640.052,43.963,39.32,13323.0547
11218400,1850,386.9998395444594,1961,2019,58,1,41.547,7860.565,11453.412,24.4,18030010,3,Sierra Nevada,Interior Mountains,2,San Joaquin and Tulare,5,7640.052,43.963,39.32,13323.0547
11218500,8610,1341.9994435882802,1963,1993,30,1,39.547,8370.079,13211.943000000001,36.9,18030010,3,Sierra Nevada,Interior Mountains,2,San Joaquin and Tulare,5,7640.052,43.963,39.32,13323.0547
11220000,698.1,69.999970977034,1954,1973,19,1,31.795,3921.26,6722.442,26.6,18030010,3,Sierra Nevada,Interior Mountains,2,San Joaquin and Tulare,5,7640.052,43.963,39.32,13323.0547
11220500,509,56.09997674016582,1954,1973,19,1,26.969,2576.444,4642.388,22.9,18030010,3,Sierra Nevada,Interior Mountains,2,San Joaquin and Tulare,5,7640.052,43.963,39.32,13323.0547
11221700,726,126.99994734404738,1958,1994,36,1,27.906,2566.273,6620.735,23,18030012,4,Central Coast,Xeric,3,San Joaquin and Tulare,5,817.225,9.817,9.836,6923.18334
11224500,125,95.79996027999795,1950,2019,69,1,18.508,2638.452,3891.076,26.1,18030012,4,Central Coast,Xeric,3,San Joaquin and Tulare,5,817.225,9.817,9.836,6923.18334
11226500,3560,248.9998967611638,1952,1991,39,1,43.382,9123.36,8474.409,33.4,18040006,3,Sierra Nevada,Interior Mountains,2,San Joaquin and Tulare,5,7047.442,33.084,40.59,13381.30038
11230215,123,183.99992371106077,1976,2019,43,2,43.059,10475.722,6820.866,34.2,18040006,3,Sierra Nevada,Interior Mountains,2,San Joaquin and Tulare,5,7047.442,33.084,40.59,13381.30038
11230500,617,52.49997823277549,1950,2019,69,1,45.256,10645.013,6276.247,35,18040006,3,Sierra Nevada,Interior Mountains,2,San Joaquin and Tulare,5,7047.442,33.084,40.59,13381.30038
11234760,4300,1002.9995841423585,1960,2019,59,1,43.24,8653.216,10882.546,29.8,18040006,3,Sierra Nevada,Interior Mountains,2,San Joaquin and Tulare,5,7047.442,33.084,40.59,13381.30038
11237500,333,22.899990505343975,1950,2019,69,1,46.276,7996.391,2821.523,15.3,18040006,3,Sierra Nevada,Interior Mountains,2,San Joaquin and Tulare,5,7047.442,33.084,40.59,13381.30038
11237700,120.02,22.999990463882597,1987,2019,32,3,46.268,7994.423,2828.0840000000007,15.3,18040006,3,Sierra Nevada,Interior Mountains,2,San Joaquin and Tulare,5,7047.442,33.084,40.59,13381.30038
11238500,214.04,130.9999456855922,1987,2019,32,1,44.799,7951.116,8005.25,20.6,18040006,3,Sierra Nevada,Interior Mountains,2,San Joaquin and Tulare,5,7047.442,33.084,40.59,13381.30038
11238600,5030.6,1196.9995037072813,1974,2019,45,6,43.22,8397.638,11578.083999999999,28.8,18040006,3,Sierra Nevada,Interior Mountains,2,San Joaquin and Tulare,5,7047.442,33.084,40.59,13381.30038
11239300,123,4.4199981674070035,1990,2019,29,1,40.937,6904.528,2027.5590000000002,18.8,18040006,3,Sierra Nevada,Interior Mountains,2,San Joaquin and Tulare,5,7047.442,33.084,40.59,13381.30038
11241500,216.04,29.399987810354276,1987,2019,32,1,38.343,6152.231,2736.2199999999993,16.1,18040006,3,Sierra Nevada,Interior Mountains,2,San Joaquin and Tulare,5,7047.442,33.084,40.59,13381.30038
11242000,3590.5,1294.999463075129,1952,2019,67,1,42.532,8098.425,12598.426,28.5,18040006,3,Sierra Nevada,Interior Mountains,2,San Joaquin and Tulare,5,7047.442,33.084,40.59,13381.30038
11242400,167,16.89999299302678,1966,2009,43,2,48.437,6627.297,3930.447000000001,22.1,18040006,3,Sierra Nevada,Interior Mountains,2,San Joaquin and Tulare,5,7047.442,33.084,40.59,13381.30038
11244000,125,50.79997893761895,1950,2019,69,1,44.984,5374.016,5961.287,20.8,18040006,3,Sierra Nevada,Interior Mountains,2,San Joaquin and Tulare,5,7047.442,33.084,40.59,13381.30038
11246500,716.1,129.999946100206,1953,2019,66,1,43.169,4919.291,7949.476000000001,20.3,18040006,3,Sierra Nevada,Interior Mountains,2,San Joaquin and Tulare,5,7047.442,33.084,40.59,13381.30038
11246700,2290,1460.999394249238,1987,2019,32,1,42.201,7675.197,12870.735,27.6,18040006,3,Sierra Nevada,Interior Mountains,2,San Joaquin and Tulare,5,7047.442,33.084,40.59,13381.30038
11247000,6700,1479.9993863715758,1950,1981,31,1,41.949,7594.488,13221.785,27.6,18040006,3,Sierra Nevada,Interior Mountains,2,San Joaquin and Tulare,5,7047.442,33.084,40.59,13381.30038
11251000,1070,1675.9993051072709,1950,2019,69,1,39.756,6904.528,13500.657,26.1,18040001,3,Sierra Nevada,Xeric,3,San Joaquin and Tulare,5,660.214,9.892,13.788,6389.696671
11253310,58.6,46.39998076191968,1967,2019,52,1,15.15,2541.339,4379.921,24.3,18030009,4,Central Coast,Xeric,3,San Joaquin and Tulare,5,499.105,5.018,10.308,5018.177156
11257100,103.01,10.599995605093719,1961,1980,19,1,43.587,4770.013,3051.1810000000005,19.5,18040007,3,Sierra Nevada,Xeric,3,San Joaquin and Tulare,5,1144.994,10.083,18.611,7061.701522
11257500,684.1,132.9999448563646,1950,1990,40,1,33.563,3200.459,6033.464,18.4,18040007,3,Sierra Nevada,Xeric,3,San Joaquin and Tulare,5,1144.994,10.083,18.611,7061.701522
11258900,551.02,33.59998606897632,1958,1980,22,1,34.661,2838.255,3097.1130000000003,14.1,18040001,3,Sierra Nevada,Xeric,3,San Joaquin and Tulare,5,660.214,9.892,13.788,6389.696671
11260480,902,65.69997275987333,1959,1980,21,1,30.012,2196.194,2979.002,15.9,18040001,3,Sierra Nevada,Xeric,3,San Joaquin and Tulare,5,660.214,9.892,13.788,6389.696671
11261500,1950,7614.996842715913,1950,2019,69,16,23.28,3126.969,14110.893,13.9,18040001,3,Sierra Nevada,Xeric,3,San Joaquin and Tulare,5,660.214,9.892,13.788,6389.696671
11264500,2410,180.99992495490218,1950,2019,69,1,47.197,9009.515,8999.344,30,18040008,3,Sierra Nevada,Interior Mountains,2,San Joaquin and Tulare,5,4543.483,31.129,36.8,13043.82581
11266500,3890,320.99986690897015,1950,2019,69,1,47.756,8458.662,9153.544,30,18040008,3,Sierra Nevada,Interior Mountains,2,San Joaquin and Tulare,5,4543.483,31.129,36.8,13043.82581
11268000,2480,240.9999000780742,1952,1975,23,1,46.035,6105.643,10200.131000000001,29.2,18040008,3,Sierra Nevada,Interior Mountains,2,San Joaquin and Tulare,5,4543.483,31.129,36.8,13043.82581
11269300,358.01,16.9999929515654,1960,1980,20,2,34.591,2728.018,2020.997,19.4,18040008,3,Sierra Nevada,Interior Mountains,2,San Joaquin and Tulare,5,4543.483,31.129,36.8,13043.82581
11271320,601.02,67.59997197210711,1967,1992,25,1,17.024,592.192,1509.186,5.4,18040008,3,Sierra Nevada,Interior Mountains,2,San Joaquin and Tulare,5,4543.483,31.129,36.8,13043.82581
11272500,2151,1272.9994721966325,1950,2010,60,7,36.236,4516.076,12965.88,23.5,18040008,3,Sierra Nevada,Interior Mountains,2,San Joaquin and Tulare,5,4543.483,31.129,36.8,13043.82581
11275000,1130,45.99998092776519,1950,1983,33,2,56.665,8498.032,6217.192,27.6,18040009,3,Sierra Nevada,Interior Mountains,2,San Joaquin and Tulare,5,4880.326,28.26,39.952,13083.08312
11276500,4150.7,456.9998105214934,1950,2019,69,1,48.224,8887.139,9557.087,33.8,18040009,3,Sierra Nevada,Interior Mountains,2,San Joaquin and Tulare,5,4880.326,28.26,39.952,13083.08312
11276600,3800,483.9997993269207,1971,2019,48,2,47.622,8644.685,10577.428,33.8,18040009,3,Sierra Nevada,Interior Mountains,2,San Joaquin and Tulare,5,4880.326,28.26,39.952,13083.08312
11278000,1200.2,78.39996749427809,1950,2019,69,1,51.079,7312.664,5977.691,25.8,18040009,3,Sierra Nevada,Interior Mountains,2,San Joaquin and Tulare,5,4880.326,28.26,39.952,13083.08312
11278300,1480,225.99990629728117,1957,2019,62,2,51.591,7231.956,8421.916000000001,25.1,18040009,3,Sierra Nevada,Interior Mountains,2,San Joaquin and Tulare,5,4880.326,28.26,39.952,13083.08312
11278400,2220,233.99990298037076,1964,2019,55,1,51.264,7139.436,8540.027,25.1,18040009,3,Sierra Nevada,Interior Mountains,2,San Joaquin and Tulare,5,4880.326,28.26,39.952,13083.08312
11281000,708,86.99996392859939,1950,2002,52,2,44.118,5547.9,6509.186000000001,21.9,18040009,3,Sierra Nevada,Interior Mountains,2,San Joaquin and Tulare,5,4880.326,28.26,39.952,13083.08312
11282000,486.1,73.4999695258857,1950,2002,52,2,46.079,6201.772,6771.653,17.3,18040009,3,Sierra Nevada,Interior Mountains,2,San Joaquin and Tulare,5,4880.326,28.26,39.952,13083.08312
11283500,1650,143.9999402956128,1960,1994,34,4,45.992,5900.919,6830.709000000001,22.4,18040009,3,Sierra Nevada,Interior Mountains,2,San Joaquin and Tulare,5,4880.326,28.26,39.952,13083.08312
11284400,276.009,16.39999320033368,1970,2019,49,1,39.051,3148.294,1391.076,13.6,18040009,3,Sierra Nevada,Interior Mountains,2,San Joaquin and Tulare,5,4880.326,28.26,39.952,13083.08312
11284700,277,23.09999042242122,1963,1986,23,1,43.032,5677.494,3451.4439999999995,19.4,18040009,3,Sierra Nevada,Interior Mountains,2,San Joaquin and Tulare,5,4880.326,28.26,39.952,13083.08312
11290000,3960,1883.9992188676006,1950,2019,69,1,38.866,4972.441,12975.722,22.1,18040009,3,Sierra Nevada,Interior Mountains,2,San Joaquin and Tulare,5,4880.326,28.26,39.952,13083.08312
11292000,864,47.499980305844495,1950,2019,69,1,57.346,8936.024,5160.762,35.2,18040010,3,Sierra Nevada,Interior Mountains,2,San Joaquin and Tulare,5,4380.854,26.049,42.009,11528.98312
11292500,771,67.4999720135685,1951,1994,43,1,51.331,8187.336,5715.222999999999,35.3,18040010,3,Sierra Nevada,Interior Mountains,2,San Joaquin and Tulare,5,4380.854,26.049,42.009,11528.98312
11292700,2660,286.99988100583937,1957,2019,62,2,50.102,7749.344,12716.535,33.5,18040010,3,Sierra Nevada,Interior Mountains,2,San Joaquin and Tulare,5,4380.854,26.049,42.009,11528.98312
11293500,636,27.799988473736356,1953,1987,34,1,48.567,7565.945,2664.0430000000006,15.6,18040010,3,Sierra Nevada,Interior Mountains,2,San Joaquin and Tulare,5,4380.854,26.049,42.009,11528.98312
11294500,2920,165.99993117410918,1950,2019,69,1,49.591,6860.565,6450.132,20.5,18040010,3,Sierra Nevada,Interior Mountains,2,San Joaquin and Tulare,5,4380.854,26.049,42.009,11528.98312
11295400,4120,628.9997392079198,1968,1994,26,1,48.72,6638.78,15085.302,27.9,18040010,3,Sierra Nevada,Interior Mountains,2,San Joaquin and Tulare,5,4380.854,26.049,42.009,11528.98312
11296500,863,44.79998142530175,1950,2019,69,1,53.161,7901.575,4524.278,21.6,18040010,3,Sierra Nevada,Interior Mountains,2,San Joaquin and Tulare,5,4380.854,26.049,42.009,11528.98312
11297200,50,48.099980057076216,1976,2015,39,18,52.331,7737.205,4835.9580000000005,21.4,18040010,3,Sierra Nevada,Interior Mountains,2,San Joaquin and Tulare,5,4380.854,26.049,42.009,11528.98312
11298000,968.09,66.89997226233679,1950,2019,69,1,49.429,6936.352,5623.360000000001,21,18040010,3,Sierra Nevada,Interior Mountains,2,San Joaquin and Tulare,5,4380.854,26.049,42.009,11528.98312
11299600,276.01,14.39999402956128,1984,2019,35,1,28.335,1398.622,1571.5220000000002,14.1,18040010,3,Sierra Nevada,Interior Mountains,2,San Joaquin and Tulare,5,4380.854,26.049,42.009,11528.98312
11303000,2770,1074.999554290165,1950,2019,69,1,40.713,4734.908,16102.362,22.4,18040010,3,Sierra Nevada,Interior Mountains,2,San Joaquin and Tulare,5,4380.854,26.049,42.009,11528.98312
11306000,2020.1,117.99995107557159,1951,1979,28,1,36.087,2260.499,5216.536,17.3,18040011,3,Sierra Nevada,Xeric,3,San Joaquin and Tulare,5,1487.84,22.235,29.804,6070.723487
11308000,1050,85.19996467490424,1951,1979,28,1,35.461,2293.635,3917.3230000000003,18.9,18040011,3,Sierra Nevada,Xeric,3,San Joaquin and Tulare,5,1487.84,22.235,29.804,6070.723487
11309000,296.01,21.09999125164882,1950,1969,19,1,25.366,920.276,1345.145,8.4,18040011,3,Sierra Nevada,Xeric,3,San Joaquin and Tulare,5,1487.84,22.235,29.804,6070.723487
11315000,638,20.9999912931102,1950,2019,69,1,55.547,7419.948,3300.5250000000005,19.4,18040012,3,Sierra Nevada,Xeric,3,San Joaquin and Tulare,5,2755.516,19.937,35.193,10399.31159
11316000,643,47.9999800985376,1952,1987,35,1,55.114,6808.071,5216.535,18.6,18040012,3,Sierra Nevada,Xeric,3,San Joaquin and Tulare,5,2755.516,19.937,35.193,10399.31159
11316600,3470,332.99986193360456,1970,2001,31,1,51.658,6720.473,8001.968999999999,27.2,18040012,3,Sierra Nevada,Xeric,3,San Joaquin and Tulare,5,2755.516,19.937,35.193,10399.31159
11316800,168,20.79999137603296,1961,2019,58,1,51.476,4655.512,3914.0420000000004,16.8,18040012,3,Sierra Nevada,Xeric,3,San Joaquin and Tulare,5,2755.516,19.937,35.193,10399.31159
11317000,630.1,68.39997164041607,1950,2019,69,1,50.591,4380.906,4911.418,18,18040012,3,Sierra Nevada,Xeric,3,San Joaquin and Tulare,5,2755.516,19.937,35.193,10399.31159
11318500,726.1,75.0999688625036,1950,2019,69,1,48.63,4091.864,4960.63,22.7,18040012,3,Sierra Nevada,Xeric,3,San Joaquin and Tulare,5,2755.516,19.937,35.193,10399.31159
11319500,4060,543.9997744500928,1950,2019,69,1,49.803,5552.494,9727.690999999999,25.1,18040012,3,Sierra Nevada,Xeric,3,San Joaquin and Tulare,5,2755.516,19.937,35.193,10399.31159
11325500,1600,660.9997259402782,1950,2019,69,3,45.043,4682.415,10314.961,22.1,18040012,3,Sierra Nevada,Xeric,3,San Joaquin and Tulare,5,2755.516,19.937,35.193,10399.31159
11327000,460,48.099980057076216,1961,1980,19,1,40.866,2646.326,3057.7430000000004,17.3,18040012,3,Sierra Nevada,Xeric,3,San Joaquin and Tulare,5,2755.516,19.937,35.193,10399.31159
11329500,3100,323.99986566512877,1950,1996,46,9,28.85,1202.428,4222.441,10.1,18040012,3,Sierra Nevada,Xeric,3,San Joaquin and Tulare,5,2755.516,19.937,35.193,10399.31159
11333000,427.1,62.59997404517611,1955,2004,49,1,51.846,4536.089,5757.874,21.4,18040013,3,Sierra Nevada,Xeric,3,San Joaquin and Tulare,5,1848.532,15.911,33.242,7734.867721
11333500,2150.2,204.99991500417102,1950,1987,37,1,46.78,3761.483,6833.99,19.1,18040013,3,Sierra Nevada,Xeric,3,San Joaquin and Tulare,5,1848.532,15.911,33.242,7734.867721
11334300,885,64.29997334033266,1958,1980,22,1,43.823,2978.347,3664.698,16.7,18040013,3,Sierra Nevada,Xeric,3,San Joaquin and Tulare,5,1848.532,15.911,33.242,7734.867721
11335000,5710,535.9997777670031,1950,2019,69,1,42.24,3055.446,7539.371,17.3,18040013,3,Sierra Nevada,Xeric,3,San Joaquin and Tulare,5,1848.532,15.911,33.242,7734.867721
11336000,7040.5,723.9996998196087,1950,1982,32,1,37.638,2374.672,7687.009,13.9,18040013,3,Sierra Nevada,Xeric,3,San Joaquin and Tulare,5,1848.532,15.911,33.242,7734.867721
11339500,285.1,211.9999121018744,1950,1981,31,2,20.823,5541.011,2900.263,13,18020001,2,Lahontan,Interior Mountains,2,Sacramento River,4,5355.249,13.011,18.928,3753.439555
11340500,116,32.899986359205975,1950,1981,31,1,21.972,5952.428,2949.4749999999995,18.5,18020001,2,Lahontan,Interior Mountains,2,Sacramento River,4,5355.249,13.011,18.928,3753.439555
11341400,1420,134.999944027137,1960,1987,27,1,54.02,5343.504,10908.793,23.9,18020005,2,Lahontan,North Coastal Mountains,1,Sacramento River,4,3522.933,40.314,68.338,12754.22996
11342000,13100,424.999823789135,1950,2019,69,1,66.343,4151.247,12673.884,30.1,18020005,2,Lahontan,North Coastal Mountains,1,Sacramento River,4,3522.933,40.314,68.338,12754.22996
11345500,334,246.99989759039138,1950,2019,69,1,21.598,6272.638,5324.803,13.4,18020002,2,Lahontan,Interior Mountains,2,Sacramento River,4,5109.695,10.559,18.833,6049.76323
11348500,2190.2,1430.999406687652,1950,2019,69,1,18.65,5340.223,5580.708,8.2,18020002,2,Lahontan,Interior Mountains,2,Sacramento River,4,5109.695,10.559,18.833,6049.76323
11350500,920,257.9998930296396,1958,1982,24,1,18.563,5442.585,2887.139,13.6,18020002,2,Lahontan,Interior Mountains,2,Sacramento River,4,5109.695,10.559,18.833,6049.76323
11352000,5200,2474.9989738308445,1952,1975,23,1,19,5146.654,5764.436,8.7,18020002,2,Lahontan,Interior Mountains,2,Sacramento River,4,5109.695,10.559,18.833,6049.76323
11355500,280,161.99993283256438,1950,2019,69,23,49.658,5891.732,6069.553999999999,14.4,18020003,2,Lahontan,Interior Mountains,2,Sacramento River,4,4384.477,16.13,37.857,9395.50545
11360500,577,94.5999607775345,1959,1980,21,2,49.988,4791.011,5492.126,13.2,18020003,2,Lahontan,Interior Mountains,2,Sacramento River,4,4384.477,16.13,37.857,9395.50545
11363000,4630,4710.998046754388,1950,2019,69,1,25.657,4934.711,8704.068,9.1,18020003,2,Lahontan,Interior Mountains,2,Sacramento River,4,4384.477,16.13,37.857,9395.50545
11365000,14900,4951.997946832462,1950,2019,69,2,27.886,4856.299,9330.708999999999,9.8,18020003,2,Lahontan,Interior Mountains,2,Sacramento River,4,4384.477,16.13,37.857,9395.50545
11367500,2130,357.9998515682596,1950,2019,69,1,55.563,4903.872,11423.885,12.2,18020004,2,Lahontan,Interior Mountains,2,Sacramento River,4,4153.489,28.463,60.545,13094.22102
11367800,1520,426.9998229599073,1965,2019,54,1,57.287,4739.83,11981.628,14.5,18020004,2,Lahontan,Interior Mountains,2,Sacramento River,4,4153.489,28.463,60.545,13094.22102
11368000,9840,603.9997495732648,1950,2019,69,2,60.646,4404.528,12969.161,19.6,18020004,2,Lahontan,Interior Mountains,2,Sacramento River,4,4153.489,28.463,60.545,13094.22102
11370500,31400,6467.997318277941,1950,2019,69,1,36.937,4553.478,13635.172,13.6,18020154,1,North Coast,Xeric,3,Sacramento River,4,1763.929,23.843,48.691,6400.572789
11371000,2410,114.99995231941298,1951,1993,42,1,58.095,3247.375,4143.701,37.4,18020154,1,North Coast,Xeric,3,Sacramento River,4,1763.929,23.843,48.691,6400.572789
11372000,1790,227.99990546805358,1950,2019,69,1,58.721,2814.305,5515.092000000001,33.5,18020154,1,North Coast,Xeric,3,Sacramento River,4,1763.929,23.843,48.691,6400.572789
11374000,11100,424.999823789135,1950,2019,69,1,47.583,2252.953,6617.455,13,18020151,3,Sierra Nevada,Xeric,3,Sacramento River,4,2229.124,18.516,47.495,6682.933235
11375700,2370,88.69996322375594,1957,1980,23,1,47.283,2469.488,6295.932,24.4,18020152,1,North Coast,Xeric,3,Sacramento River,4,2182.802,31.309,38.37,7742.623529
11376000,14200,926.9996156530074,1950,2019,69,1,38.591,2266.404,7500,21,18020152,1,North Coast,Xeric,3,Sacramento River,4,2182.802,31.309,38.37,7742.623529
11377100,62300,8899.99630993718,1950,2019,69,1,38.272,3960.958,13832.022,14.2,18020155,3,Sierra Nevada,Xeric,3,Sacramento River,4,1030.036,17.143,29.307,5635.515929
11378800,1700,93.4999612336097,1960,1982,22,1,30.492,1251.969,5062.336,13.2,18020155,3,Sierra Nevada,Xeric,3,Sacramento River,4,1030.036,17.143,29.307,5635.515929
11379000,2650,122.99994900250258,1950,1982,32,1,43.059,3364.83,6522.31,18.3,18020156,3,Sierra Nevada,Xeric,3,Sacramento River,4,2365.202,24.146,36.991,10188.76575
11379500,2210,92.39996168968489,1950,2019,69,1,37.406,2992.782,5912.073,26.2,18020156,3,Sierra Nevada,Xeric,3,Sacramento River,4,2365.202,24.146,36.991,10188.76575
11380500,2540,135.9999436125232,1950,1969,19,1,33.669,2226.378,6397.638,19.5,18020156,3,Sierra Nevada,Xeric,3,Sacramento River,4,2365.202,24.146,36.991,10188.76575
11381500,3010,130.9999456855922,1950,2019,69,1,56.65,3952.428,9986.877,27,18020156,3,Sierra Nevada,Xeric,3,Sacramento River,4,2365.202,24.146,36.991,10188.76575
11382000,4510,202.99991583339857,1950,1996,46,1,40.917,4151.247,7368.767,29.6,18020156,3,Sierra Nevada,Xeric,3,Sacramento River,4,2365.202,24.146,36.991,10188.76575
11383500,3950,207.9999137603296,1950,2019,69,1,58.406,4195.866,7332.677,23,18020157,3,Sierra Nevada,Xeric,3,Sacramento River,4,1647.224,16.162,38.296,7759.471138
11384000,2670,72.39996998196088,1950,1986,36,1,63.646,3112.533,5702.0999999999995,24.4,18020157,3,Sierra Nevada,Xeric,3,Sacramento River,4,1647.224,16.162,38.296,7759.471138
11388500,7630.4,772.9996795035325,1950,1973,23,1,30.902,2319.226,6879.922,21.5,18020115,1,North Coast,Xeric,3,Sacramento River,4,2320.091,31.017,32.114,6943.586076
11390000,4160,146.9999390517714,1950,2019,69,1,68.89,3720.144,6833.9890000000005,20.6,18020158,3,Sierra Nevada,Xeric,3,Sacramento River,4,909.329,8.781,34.166,4302.897754
11392500,2830,685.9997155749331,1950,1979,29,1,26.555,5710.302,4379.921,14.2,18020123,3,Sierra Nevada,Interior Mountains,2,Sacramento River,4,5051.132,25.642,45.586,7933.79426
11394500,13500,1061.9995596801443,1952,1986,34,1,40.512,5526.247,7125.985000000001,19.4,18020123,3,Sierra Nevada,Interior Mountains,2,Sacramento River,4,5051.132,25.642,45.586,7933.79426
11396000,629.05,29.999987561585996,1950,2019,69,1,78.654,4281.496,2687.0080000000003,17.7,18020123,3,Sierra Nevada,Interior Mountains,2,Sacramento River,4,5051.132,25.642,45.586,7933.79426
11396400,461,18.69999224672194,1966,1987,21,1,62,3030.512,3415.3539999999994,17.5,18020123,3,Sierra Nevada,Interior Mountains,2,Sacramento River,4,5051.132,25.642,45.586,7933.79426
11399500,55.3,492.9997955953965,1950,2019,69,1,44.878,5589.567,4944.226000000001,10.8,18020121,3,Sierra Nevada,Interior Mountains,2,Sacramento River,4,4741.145,25.035,56.49,8423.627487
11400500,551,69.29997126726366,1950,2019,69,6,47.335,5358.924,3431.759,15,18020121,3,Sierra Nevada,Interior Mountains,2,Sacramento River,4,4741.145,25.035,56.49,8423.627487
11401200,2540,525.9997819131411,1958,1980,22,3,33.76,5914.37,4753.938,18.8,18020122,3,Sierra Nevada,Interior Mountains,2,Sacramento River,4,5358.654,27.772,34.041,6098.436566
11401500,4700,738.9996936004018,1950,1993,43,1,35.39,5627.625,4852.363000000001,20.3,18020122,3,Sierra Nevada,Interior Mountains,2,Sacramento River,4,5358.654,27.772,34.041,6098.436566
11402000,3960,183.99992371106077,1950,2019,69,1,47.453,4813.977,4550.525,21.2,18020122,3,Sierra Nevada,Interior Mountains,2,Sacramento River,4,5358.654,27.772,34.041,6098.436566
11403000,12100,1024.999575020855,1951,1982,31,8,38.343,5358.924,6040.027000000001,21.7,18020122,3,Sierra Nevada,Interior Mountains,2,Sacramento River,4,5358.654,27.772,34.041,6098.436566
11404330,11800,1913.9992064291866,1987,2019,32,1,45.319,5353.347,7851.050000000001,19.9,18020121,3,Sierra Nevada,Interior Mountains,2,Sacramento River,4,4741.145,25.035,56.49,8423.627487
11404500,15100,1952.9991902592483,1950,2019,69,1,45.839,5316.929,8024.935000000001,20.1,18020121,3,Sierra Nevada,Interior Mountains,2,Sacramento River,4,4741.145,25.035,56.49,8423.627487
11405300,4420,109.999954392482,1958,1986,28,1,78.193,4524.606,5606.956,21.7,18020121,3,Sierra Nevada,Interior Mountains,2,Sacramento River,4,4741.145,25.035,56.49,8423.627487
11407000,10200,3623.9984974395884,1950,2019,69,1,47.811,5012.139,8969.817000000001,20.3,18020159,3,Sierra Nevada,Xeric,3,Sacramento River,4,288.812,5.634,26.222,3276.712422
11407150,17100,3675.9984758796704,1965,1998,33,1,47.52,4963.583,9258.531,20,18020159,3,Sierra Nevada,Xeric,3,Sacramento River,4,288.812,5.634,26.222,3276.712422
11407300,1560,47.09998047169002,1961,1981,20,2,40.579,1036.745,2509.843,10.1,18020159,3,Sierra Nevada,Xeric,3,Sacramento River,4,288.812,5.634,26.222,3276.712422
11407500,1180,30.59998731281772,1951,1986,35,1,48.417,1648.95,2641.076,15.8,18020159,3,Sierra Nevada,Xeric,3,Sacramento River,4,288.812,5.634,26.222,3276.712422
11408500,320,39.79998349837076,1950,1995,45,25,68.224,6814.633,2641.077000000001,19.4,18020125,3,Sierra Nevada,Interior Mountains,2,Sacramento River,4,4182.307,30.315,62.448,9058.31472
11408850,3090,135.9999436125232,1968,1989,21,1,68.98,5496.391,6164.6990000000005,27.4,18020125,3,Sierra Nevada,Interior Mountains,2,Sacramento River,4,4182.307,30.315,62.448,9058.31472
11409000,3450,161.99993283256438,1950,1969,19,1,67.634,5088.255,6863.518000000001,27,18020125,3,Sierra Nevada,Interior Mountains,2,Sacramento River,4,4182.307,30.315,62.448,9058.31472
11409300,1140,22.999990463882597,1968,2000,32,1,67.823,4239.173,3582.678,22.5,18020125,3,Sierra Nevada,Interior Mountains,2,Sacramento River,4,4182.307,30.315,62.448,9058.31472
11409500,1050,34.39998573728527,1950,1969,19,1,65.067,3756.234,4186.352,20.8,18020125,3,Sierra Nevada,Interior Mountains,2,Sacramento River,4,4182.307,30.315,62.448,9058.31472
11413000,5540,249.99989634654995,1950,2019,69,1,69.799,5679.462,6033.464000000001,32.1,18020125,3,Sierra Nevada,Interior Mountains,2,Sacramento River,4,4182.307,30.315,62.448,9058.31472
11413320,41,3.159998689820392,1995,2019,24,2,80.756,3726.706,931.7579999999998,12.8,18020125,3,Sierra Nevada,Interior Mountains,2,Sacramento River,4,4182.307,30.315,62.448,9058.31472
11413323,29,2.0699991417494337,1995,2019,24,3,78.472,3540.026,879.2649999999999,15.1,18020125,3,Sierra Nevada,Interior Mountains,2,Sacramento River,4,4182.307,30.315,62.448,9058.31472
11414000,1690,51.79997852300515,1950,1994,44,1,68.642,6902.559,3503.937,17.7,18020125,3,Sierra Nevada,Interior Mountains,2,Sacramento River,4,4182.307,30.315,62.448,9058.31472
11414250,2000,119.99995024634399,1967,2019,52,1,70.39,6776.903,4560.3679999999995,18.8,18020125,3,Sierra Nevada,Interior Mountains,2,Sacramento River,4,4182.307,30.315,62.448,9058.31472
11417000,3410,197.99991790646757,1950,1972,22,4,70.768,6361.221,6282.808999999999,21.6,18020125,3,Sierra Nevada,Interior Mountains,2,Sacramento River,4,4182.307,30.315,62.448,9058.31472
11417500,4840,307.9998722989496,1960,2019,59,1,67.516,5307.743,7956.036999999999,22.7,18020125,3,Sierra Nevada,Interior Mountains,2,Sacramento River,4,4182.307,30.315,62.448,9058.31472
11418500,2630,84.5999649236725,1950,2019,69,1,53.201,2535.433,4340.551,13.6,18020125,3,Sierra Nevada,Interior Mountains,2,Sacramento River,4,4182.307,30.315,62.448,9058.31472
11421000,21400,1338.9994448321218,1950,2019,69,1,63.252,4180.118,8930.447,23.2,18020125,3,Sierra Nevada,Interior Mountains,2,Sacramento River,4,4182.307,30.315,62.448,9058.31472
11421770,29,12.29999490025026,1967,2016,49,3,67.941,4599.082,2516.4040000000005,24,18020126,3,Sierra Nevada,Xeric,3,Sacramento River,4,1592.67,16.672,40.395,5789.072359
11421790,701,21.4999910858033,1967,2019,52,2,65.181,4214.239,3146.3260000000005,23.8,18020126,3,Sierra Nevada,Xeric,3,Sacramento River,4,1592.67,16.672,40.395,5789.072359
11424000,6780.4,291.99987893277034,1950,2019,69,1,47.098,2251.64,5721.785000000001,14.6,18020126,3,Sierra Nevada,Xeric,3,Sacramento River,4,1592.67,16.672,40.395,5789.072359
11425000,72400,5920.99754507169,1950,1983,33,1,49.256,4197.835,9232.284,19,18020159,3,Sierra Nevada,Xeric,3,Sacramento River,4,288.812,5.634,26.222,3276.712422
11426150,65,3.5799985156825955,1960,1979,19,1,67.228,6862.861,2417.979000000001,27.9,18020128,3,Sierra Nevada,Interior Mountains,2,Sacramento River,4,4534.647,35.238,57.933,9614.2619
11426200,37.005,1.6799993034488157,1957,1985,28,1,59.193,4272.31,675.8529999999996,11,18020128,3,Sierra Nevada,Interior Mountains,2,Sacramento River,4,4534.647,35.238,57.933,9614.2619
11426400,336.02,9.099996227014419,1957,1985,28,1,58.803,4133.53,1230.315,12.4,18020128,3,Sierra Nevada,Interior Mountains,2,Sacramento River,4,4534.647,35.238,57.933,9614.2619
11427500,101,47.89998013999897,1952,2019,67,1,67.555,6431.431,3982.9399999999996,24.2,18020128,3,Sierra Nevada,Interior Mountains,2,Sacramento River,4,4534.647,35.238,57.933,9614.2619
11427700,422,9.939995878738827,1962,2019,57,1,69.646,6397.638,2145.669,25.3,18020128,3,Sierra Nevada,Interior Mountains,2,Sacramento River,4,4534.647,35.238,57.933,9614.2619
11427760,929,87.79996359690836,1966,2019,53,1,67.189,5957.677,6397.638,27.5,18020128,3,Sierra Nevada,Interior Mountains,2,Sacramento River,4,4534.647,35.238,57.933,9614.2619
11428000,670.1,31.399986981126673,1957,1986,29,1,56.988,7682.415,3799.2129999999997,23.1,18020128,3,Sierra Nevada,Interior Mountains,2,Sacramento River,4,4534.647,35.238,57.933,9614.2619
11430000,544,47.59998026438312,1962,2018,56,2,62.177,6269.685,3766.4040000000005,15.1,18020128,3,Sierra Nevada,Interior Mountains,2,Sacramento River,4,4534.647,35.238,57.933,9614.2619
11431800,217,11.699995149018537,1961,2008,47,1,60.634,5134.843,1883.2020000000002,16,18020128,3,Sierra Nevada,Interior Mountains,2,Sacramento River,4,4534.647,35.238,57.933,9614.2619
11433040,223,21.09999125164882,1962,2008,46,1,59.717,4779.2,2381.8900000000003,13.4,18020128,3,Sierra Nevada,Interior Mountains,2,Sacramento River,4,4534.647,35.238,57.933,9614.2619
11433100,218,17.9999925369516,1961,1992,31,1,64.303,5411.089,3074.147,24.7,18020128,3,Sierra Nevada,Interior Mountains,2,Sacramento River,4,4534.647,35.238,57.933,9614.2619
11433200,3140,314.99986939665297,1959,1984,25,1,60.906,5687.664,8671.26,25.4,18020128,3,Sierra Nevada,Interior Mountains,2,Sacramento River,4,4534.647,35.238,57.933,9614.2619
11433260,2860,88.89996314083318,1966,1985,19,1,64,4576.772,5833.3330000000005,30.3,18020128,3,Sierra Nevada,Interior Mountains,2,Sacramento River,4,4534.647,35.238,57.933,9614.2619
11433300,7700,523.9997827423688,1959,2019,60,1,62.138,5406.168,8815.617,27.4,18020128,3,Sierra Nevada,Interior Mountains,2,Sacramento River,4,4534.647,35.238,57.933,9614.2619
11433500,10400,613.9997454271268,1950,1985,35,2,59.598,4943.57,9284.777,27.2,18020128,3,Sierra Nevada,Interior Mountains,2,Sacramento River,4,4534.647,35.238,57.933,9614.2619
11435100,238,8.759996367983112,1971,2019,48,1,60.461,8195.866,3595.8009999999995,25.3,18020129,3,Sierra Nevada,Interior Mountains,2,Sacramento River,4,4263.472,25.975,46.051,9905.543557
11439500,2490,192.99991997953657,1950,2019,69,1,52.366,7093.176,6289.369999999999,23.7,18020129,3,Sierra Nevada,Interior Mountains,2,Sacramento River,4,4263.472,25.975,46.051,9905.543557
11440000,338,21.999990878496398,1950,1981,31,1,54.882,5897.966,3540.0260000000003,19.5,18020129,3,Sierra Nevada,Interior Mountains,2,Sacramento River,4,4263.472,25.975,46.051,9905.543557
11442500,2530,448.9998138384038,1970,1993,23,1,54.067,6189.305,8366.142,22.1,18020129,3,Sierra Nevada,Interior Mountains,2,Sacramento River,4,4263.472,25.975,46.051,9905.543557
11443500,2460,492.9997955953965,1950,2019,69,1,53.803,5963.911,8474.409,22.1,18020129,3,Sierra Nevada,Interior Mountains,2,Sacramento River,4,4263.472,25.975,46.051,9905.543557
11444500,5420,597.9997520609476,1965,2019,54,1,52.634,5406.496,9183.071,21.5,18020129,3,Sierra Nevada,Interior Mountains,2,Sacramento River,4,4263.472,25.975,46.051,9905.543557
11445500,6710,672.9997209649125,1952,1995,43,1,50.858,4984.908,9498.030999999999,20.9,18020129,3,Sierra Nevada,Interior Mountains,2,Sacramento River,4,4263.472,25.975,46.051,9905.543557
11448500,472,6.359997363056231,1955,1978,23,1,43.795,2091.535,1801.181,17.8,18020116,1,North Coast,Xeric,3,Sacramento River,4,1802.373,28.846,34.784,5936.774069
11449100,2130.1,55.19997711331824,1961,1980,19,1,44.453,2312.664,2555.774,19.6,18020116,1,North Coast,Xeric,3,Sacramento River,4,1802.373,28.846,34.784,5936.774069
11449500,2060,36.59998482513492,1950,2019,69,1,58.453,2638.123,3211.9419999999996,20,18020116,1,North Coast,Xeric,3,Sacramento River,4,1802.373,28.846,34.784,5936.774069
11451000,2680.36,527.9997810839136,1950,2019,69,1,40.799,2003.281,3510.499,15.9,18020116,1,North Coast,Xeric,3,Sacramento River,4,1802.373,28.846,34.784,5936.774069
11451100,1840.1,60.19997504024924,1972,2019,47,1,48.421,2987.861,4409.4490000000005,31.1,18020116,1,North Coast,Xeric,3,Sacramento River,4,1802.373,28.846,34.784,5936.774069
11451300,578,120.99994983173018,1986,2019,33,5,42.469,2627.625,4494.751,26.9,18020116,1,North Coast,Xeric,3,Sacramento River,4,1802.373,28.846,34.784,5936.774069
11451500,4590.2,196.9999183210814,1950,1981,31,1,40.539,2455.053,4908.137000000001,26.3,18020116,1,North Coast,Xeric,3,Sacramento River,4,1802.373,28.846,34.784,5936.774069
11451715,1400,94.89996065315037,1998,2019,21,1,27.567,1838.911,2988.845,18.2,18020116,1,North Coast,Xeric,3,Sacramento River,4,1802.373,28.846,34.784,5936.774069
11451720,1870.05,99.99995853861999,1959,1980,21,1,27.598,1841.864,2959.3179999999998,18.1,18020116,1,North Coast,Xeric,3,Sacramento River,4,1802.373,28.846,34.784,5936.774069
11452000,11601,1043.9995671431927,1950,1975,25,1,36.244,1962.927,5715.224,19.3,18020116,1,North Coast,Xeric,3,Sacramento River,4,1802.373,28.846,34.784,5936.774069
11452500,9380,1138.9995277548817,1950,2019,69,1,34.724,1804.462,5912.0740000000005,18,18020116,1,North Coast,Xeric,3,Sacramento River,4,1802.373,28.846,34.784,5936.774069
11456000,3230.1,78.79996732843256,1950,2019,69,7,41.118,1001.64,3966.5350000000003,20.9,18050002,1,North Coast,Xeric,3,San Francisco Bay,2,495.185,20.089,32.174,4235.187876
11458000,5960.2,217.99990961419158,1960,2019,59,1,37.799,906.496,4097.769,18.6,18050002,1,North Coast,Xeric,3,San Francisco Bay,2,495.185,20.089,32.174,4235.187876
11458500,2790.1,58.39997578655408,1956,2019,63,21,42.504,987.861,2585.3019999999997,17.6,18050002,1,North Coast,Xeric,3,San Francisco Bay,2,495.185,20.089,32.174,4235.187876
11459500,259,17.59999270279712,1950,2019,69,1,40.532,529.199,1509.186,19.5,18050002,1,North Coast,Xeric,3,San Francisco Bay,2,495.185,20.089,32.174,4235.187876
11460000,929,18.09999249549022,1952,2019,67,20,42.732,514.108,2414.6980000000003,21.4,18050002,1,North Coast,Xeric,3,San Francisco Bay,2,495.185,20.089,32.174,4235.187876
11460400,861,34.29998577874665,1984,2019,35,1,46.126,919.291,2457.349,25.4,18050005,1,North Coast,Xeric,3,San Francisco Bay,2,445.03,28.316,39.396,2609.98926
11460600,2170,81.69996612605253,1975,2019,44,1,42.516,728.675,2542.6510000000003,23.1,18050005,1,North Coast,Xeric,3,San Francisco Bay,2,445.03,28.316,39.396,2609.98926
11460750,763,31.09998710551082,1984,2019,35,1,41.362,616.142,1338.583,20.8,18050005,1,North Coast,Xeric,3,San Francisco Bay,2,445.03,28.316,39.396,2609.98926
11460800,2040.05,40.09998337398662,1960,1984,24,1,41.13,592.192,1420.604,20.9,18050005,1,North Coast,Xeric,3,San Francisco Bay,2,445.03,28.316,39.396,2609.98926
11461000,4010,99.99995853861999,1953,2019,66,1,46.693,1470.801,2706.693,20.6,18010110,1,North Coast,Xeric,3,North Coast,1,1074.318,31.549,46.498,4496.246484
11461500,3350,92.19996177260764,1950,2019,69,1,45.059,1631.562,3008.5299999999997,20.9,18010110,1,North Coast,Xeric,3,North Coast,1,1074.318,31.549,46.498,4496.246484
11462000,2890,104.99995646555098,1952,2011,59,3,44.634,1590.879,3188.9759999999997,20.6,18010110,1,North Coast,Xeric,3,North Coast,1,1074.318,31.549,46.498,4496.246484
11462500,9100,361.99984990980437,1950,2019,69,1,45.504,1526.247,3379.265,21.1,18010110,1,North Coast,Xeric,3,North Coast,1,1074.318,31.549,46.498,4496.246484
11463000,13800,502.99979144925857,1952,2019,67,1,45.512,1530.512,3520.341,21.6,18010110,1,North Coast,Xeric,3,North Coast,1,1074.318,31.549,46.498,4496.246484
11463170,1190,13.099994568559218,1981,2019,38,1,58.559,2848.097,3024.9349999999995,28.9,18010110,1,North Coast,Xeric,3,North Coast,1,1074.318,31.549,46.498,4496.246484
11463200,367,85.49996455052009,1958,2018,60,18,51.48,2104.659,4153.544,28.1,18010110,1,North Coast,Xeric,3,North Coast,1,1074.318,31.549,46.498,4496.246484
11463900,1810.1,43.69998188137694,1962,2018,56,33,45.63,1354.987,4127.296,23.9,18010110,1,North Coast,Xeric,3,North Coast,1,1074.318,31.549,46.498,4496.246484
11464000,25000,792.9996712112566,1950,2019,69,1,45.614,1416.995,4399.607,21.3,18010110,1,North Coast,Xeric,3,North Coast,1,1074.318,31.549,46.498,4496.246484
11464500,5330,87.79996359690836,1950,1980,30,1,51.232,1192.257,2772.31,25.6,18010110,1,North Coast,Xeric,3,North Coast,1,1074.318,31.549,46.498,4496.246484
11465200,3810,161.99993283256438,1960,2019,59,1,52.551,1101.706,2916.667,26.3,18010110,1,North Coast,Xeric,3,North Coast,1,1074.318,31.549,46.498,4496.246484
11465350,200,216.9999100288054,1985,2019,34,17,51.323,963.255,3011.8109999999997,23.8,18010110,1,North Coast,Xeric,3,North Coast,1,1074.318,31.549,46.498,4496.246484
11465680,1130,40.799983083756956,1999,2019,20,1,37.563,378.281,2372.047,6,18010110,1,North Coast,Xeric,3,North Coast,1,1074.318,31.549,46.498,4496.246484
11465700,275,6.779997188918435,1999,2019,20,1,34.445,202.756,1236.877,3,18010110,1,North Coast,Xeric,3,North Coast,1,1074.318,31.549,46.498,4496.246484
11465750,2160,79.59996699674151,1999,2019,20,1,37.642,272.31,2404.855,4.6,18010110,1,North Coast,Xeric,3,North Coast,1,1074.318,31.549,46.498,4496.246484
11466320,2780,77.5999678259691,2000,2019,19,1,40.406,669.619,2496.719,12.2,18010110,1,North Coast,Xeric,3,North Coast,1,1074.318,31.549,46.498,4496.246484
11467000,40400,1337.9994452467356,1950,2019,69,1,45.339,1110.236,4475.066,18.8,18010110,1,North Coast,Xeric,3,North Coast,1,1074.318,31.549,46.498,4496.246484
11467200,4990,62.79997396225335,1960,2019,59,38,63.972,1011.155,2345.7999999999997,28.9,18010110,1,North Coast,Xeric,3,North Coast,1,1074.318,31.549,46.498,4496.246484
11467600,8970,98.4999591605407,1963,1983,20,1,54.5,1174.541,2634.5139999999997,31.3,18010108,1,North Coast,North Coastal Mountains,1,North Coast,1,925.079,39.279,51.831,3416.651176
11468000,11400,302.99987437201855,1951,2019,68,1,46.713,1124.672,3369.4230000000002,26.5,18010108,1,North Coast,North Coastal Mountains,1,North Coast,1,925.079,39.279,51.831,3416.651176
11468500,3510,105.9999560509372,1952,2019,67,1,50.504,919.948,3146.3250000000003,28.3,18010108,1,North Coast,North Coastal Mountains,1,North Coast,1,925.079,39.279,51.831,3416.651176
11471500,9410.5,348.99985529978375,1950,2019,69,1,53.941,3509.843,5567.585999999999,27.5,18010103,1,North Coast,North Coastal Mountains,1,North Coast,1,2843.747,36.653,55.674,6175.23934
11472150,11001,527.9997810839136,1967,1994,27,1,54.555,3142.717,6007.218,27.3,18010103,1,North Coast,North Coastal Mountains,1,North Coast,1,2843.747,36.653,55.674,6175.23934
11472200,7870,160.9999332471782,1957,1994,37,1,60.146,1961.286,2398.2940000000003,18.7,18010103,1,North Coast,North Coastal Mountains,1,North Coast,1,2843.747,36.653,55.674,6175.23934
11472900,5660,161.99993283256438,1959,2005,46,27,53.811,4440.289,5912.0740000000005,29.4,18010104,1,North Coast,North Coastal Mountains,1,North Coast,1,3670.06,35.336,59.146,6710.468417
11473900,19400,744.9996911127189,1966,2019,53,1,56.457,3681.759,6656.8240000000005,26.4,18010104,1,North Coast,North Coastal Mountains,1,North Coast,1,3670.06,35.336,59.146,6710.468417
11474500,14000,247.9998971757776,1954,2005,51,26,57.461,3049.869,5124.672,27,18010105,1,North Coast,North Coastal Mountains,1,North Coast,1,2082.117,34.358,62.288,6206.551599
11475000,69500,2106.9991264087234,1956,2019,63,1,57.831,3025.919,7326.116,26.3,18010105,1,North Coast,North Coastal Mountains,1,North Coast,1,2082.117,34.358,62.288,6206.551599
11475500,4150,43.89998179845418,1950,1970,20,1,86.862,2139.436,2814.9610000000002,24.6,18010106,1,North Coast,North Coastal Mountains,1,North Coast,1,1624.719,38.498,73.041,4169.916971
11475560,357,6.4999973050103,1968,2019,51,1,99.784,2782.152,2834.6459999999997,34.2,18010106,1,North Coast,North Coastal Mountains,1,North Coast,1,1624.719,38.498,73.041,4169.916971
11475800,12600,247.9998971757776,1966,2019,53,6,81.366,2054.134,3520.3419999999996,26.8,18010106,1,North Coast,North Coastal Mountains,1,North Coast,1,1624.719,38.498,73.041,4169.916971
11476500,32800,536.9997773523894,1950,2019,69,1,75.992,1726.05,4005.9059999999995,27.1,18010106,1,North Coast,North Coastal Mountains,1,North Coast,1,1624.719,38.498,73.041,4169.916971
11476600,1770,28.099988349352223,1961,2018,57,1,65.095,1551.509,3080.708,29.2,18010106,1,North Coast,North Coastal Mountains,1,North Coast,1,1624.719,38.498,73.041,4169.916971
11477000,117000,3112.9987093072405,1950,2019,69,1,61.488,2578.084,7516.404,26.5,18010105,1,North Coast,North Coastal Mountains,1,North Coast,1,2082.117,34.358,62.288,6206.551599
11478500,14500,221.99990795573638,1951,2019,68,1,73.575,3028.215,5498.688,25.8,18010105,1,North Coast,North Coastal Mountains,1,North Coast,1,2082.117,34.358,62.288,6206.551599
11480390,3960,93.79996110922555,1981,2019,38,1,65.504,3707.349,3330.053,28.7,18010102,1,North Coast,North Coastal Mountains,1,North Coast,1,1786.988,30.541,68.919,6023.092231
11480500,5380,142.9999407102266,1954,1994,40,1,65.98,3619.095,3576.1159999999995,28.5,18010102,1,North Coast,North Coastal Mountains,1,North Coast,1,1786.988,30.541,68.919,6023.092231
11481000,18700,484.9997989123069,1951,2019,68,1,71.965,2625,5984.253,26.1,18010102,1,North Coast,North Coastal Mountains,1,North Coast,1,1786.988,30.541,68.919,6023.092231
11481200,2310,40.499983208141096,1956,2019,63,1,68.323,1092.848,3346.457,19.8,18010102,1,North Coast,North Coastal Mountains,1,North Coast,1,1786.988,30.541,68.919,6023.092231
11481500,2860,67.69997193064573,1954,2019,65,15,91.677,2928.806,4445.5380000000005,27.7,18010102,1,North Coast,North Coastal Mountains,1,North Coast,1,1786.988,30.541,68.919,6023.092231
11482500,13100,276.99988515197737,1954,2019,65,1,83.803,1831.693,5282.152,28.1,18010102,1,North Coast,North Coastal Mountains,1,North Coast,1,1786.988,30.541,68.919,6023.092231
11489500,171,18.59999228818332,1953,1979,26,1,46.815,6099.738,2447.5070000000005,24.4,18010205,2,Lahontan,Interior Mountains,2,North Coast,1,4932.416,11.064,21.542,7140.406157
11507500,3740,3809.9984203214217,1962,2019,57,1,27.48,5116.142,5285.433999999999,7.7,18010204,2,Lahontan,Interior Mountains,2,North Coast,1,4709.493,6.702,16.561,3878.970133
11509500,4590,3919.998374713904,1950,2019,69,1,22.772,4930.774,5396.982,6.5,18010206,2,Lahontan,Interior Mountains,2,North Coast,1,4028.786,28.394,29.784,6894.599955
11516900,130,48.19998001561484,1958,1978,20,1,24.532,5753.609,4911.4169999999995,17,18010207,2,Lahontan,Interior Mountains,2,North Coast,1,4037.892,19.827,27.609,12130.73349
11517000,549,672.9997209649125,2002,2019,17,1,29.933,4203.74,11656.825,15.5,18010207,2,Lahontan,Interior Mountains,2,North Coast,1,4037.892,19.827,27.609,12130.73349
11517500,1050,792.9996712112566,1950,2019,69,1,28.488,4023.95,12057.087,15.5,18010207,2,Lahontan,Interior Mountains,2,North Coast,1,4037.892,19.827,27.609,12130.73349
11519500,4930,652.9997292571886,1950,2019,69,1,32.965,4326.772,5862.860999999999,27.8,18010208,2,Lahontan,North Coastal Mountains,1,North Coast,1,4329.869,38.181,35.483,6992.237385
11520500,16000,6939.997122580227,1952,2019,67,1,24.976,4694.554,12811.681,11.2,18010206,2,Lahontan,Interior Mountains,2,North Coast,1,4028.786,28.394,29.784,6894.599955
11521500,4200,119.99995024634399,1958,2019,61,2,75.724,3699.803,5846.456999999999,35.9,18010209,1,North Coast,North Coastal Mountains,1,North Coast,1,2771.551,47.683,83.942,7440.609754
11522500,14900,750.9996886250361,1950,2019,69,1,61.98,4258.53,8238.189,44.1,18010210,1,North Coast,North Coastal Mountains,1,North Coast,1,4257.441,54.801,58.024,8432.18898
11523000,55700,8474.996486148044,1950,2019,69,1,30.831,4577.1,13759.843,15.2,18010209,1,North Coast,North Coastal Mountains,1,North Coast,1,2771.551,47.683,83.942,7440.609754
11523200,3550,148.9999382225438,1958,2019,61,1,58.008,5346.785,6446.85,33.8,18010211,1,North Coast,North Coastal Mountains,1,North Coast,1,3805.45,46.343,56.25,8835.364359
11525500,4750,718.9997018926778,1950,2019,69,1,57.075,4648.294,7214.567000000001,32.8,18010211,1,North Coast,North Coastal Mountains,1,North Coast,1,3805.45,46.343,56.25,8835.364359
11525530,360,22.299990754112258,2004,2019,15,1,42.697,3482.94,5718.504,31.3,18010211,1,North Coast,North Coastal Mountains,1,North Coast,1,3805.45,46.343,56.25,8835.364359
11525600,406,30.799987229894956,1976,2005,29,1,47.028,3434.711,3661.418,24.3,18010211,1,North Coast,North Coastal Mountains,1,North Coast,1,3805.45,46.343,56.25,8835.364359
11525655,6240,809.9996641628219,1982,2019,37,12,55.402,4477.69,7349.081,32.3,18010211,1,North Coast,North Coastal Mountains,1,North Coast,1,3805.45,46.343,56.25,8835.364359
11525854,7170,930.9996139945522,2003,2019,16,1,53.957,4329.396,7424.541,32.3,18010211,1,North Coast,North Coastal Mountains,1,North Coast,1,3805.45,46.343,56.25,8835.364359
11526250,7520,1056.9995617532134,2003,2019,16,1,52.402,4193.242,7565.617,32.6,18010211,1,North Coast,North Coastal Mountains,1,North Coast,1,3805.45,46.343,56.25,8835.364359
11526500,4620,150.9999373933162,1958,2005,47,25,51.366,4380.906,7440.945,45.9,18010211,1,North Coast,North Coastal Mountains,1,North Coast,1,3805.45,46.343,56.25,8835.364359
11527000,12300,1438.9994033707417,1957,2019,62,1,52.197,4102.034,8074.147000000001,36,18010211,1,North Coast,North Coastal Mountains,1,North Coast,1,3805.45,46.343,56.25,8835.364359
11528500,7560,377.99984327598355,1954,1974,20,1,48.642,3544.948,5104.987000000001,28.2,18010212,1,North Coast,North Coastal Mountains,1,North Coast,1,3538.301,38.331,57.907,7384.625468
11528700,16600,763.9996832350568,1966,2019,53,1,57.87,3679.79,6607.611,28.2,18010212,1,North Coast,North Coastal Mountains,1,North Coast,1,3538.301,38.331,57.907,7384.625468
11530000,42700,2852.9988171068285,1950,2019,69,1,57.472,3770.341,8736.877,34.6,18010211,1,North Coast,North Coastal Mountains,1,North Coast,1,3805.45,46.343,56.25,8835.364359
11530500,135000,12099.99498317302,1951,2019,68,3,38.76,4321.194,14104.332,19.7,18010209,1,North Coast,North Coastal Mountains,1,North Coast,1,2771.551,47.683,83.942,7440.609754
11532500,55100,613.9997454271268,1950,2019,69,1,111.276,2532.808,6279.528,36.9,18010101,1,North Coast,North Coastal Mountains,1,North Coast,1,2075.622,42.055,101.919,6408.230111
14362000,3310,224.999906711895,1950,2019,69,1,45.343,4244.095,5620.079000000001,37.9,17100309,1,North Coast,North Coastal Mountains,1,North Coast,1,3135.835,42.031,38.116,6578.569698
14362250,57.91,15.999993366179199,1984,2019,35,1,33.409,3218.832,3293.9630000000006,37.5,17100309,1,North Coast,North Coastal Mountains,1,North Coast,1,3135.835,42.031,38.116,6578.569698
14366000,4250,482.9997997415346,1950,2019,69,1,37.681,3677.165,6082.677000000001,34.3,17100309,1,North Coast,North Coastal Mountains,1,North Coast,1,3135.835,42.031,38.116,6578.569698
14369500,5880,697.9997105995675,1950,2019,69,24,37.803,3274.606,6420.604,32.4,17100309,1,North Coast,North Coastal Mountains,1,North Coast,1,3135.835,42.031,38.116,6578.569698
14372500,2600,42.29998246183625,1950,1991,41,1,80.26,3661.417,4796.588000000001,35.1,17100311,1,North Coast,North Coastal Mountains,1,North Coast,1,2666.941,43.287,78.657,6949.010581
14375100,2280,83.89996521390218,1966,2019,53,18,65.512,3970.801,5301.837,35.8,17100311,1,North Coast,North Coastal Mountains,1,North Coast,1,2666.941,43.287,78.657,6949.010581
14375500,3520,42.399982420374876,1955,1985,30,1,90.76,2530.512,3740.1580000000004,30.2,17100311,1,North Coast,North Coastal Mountains,1,North Coast,1,2666.941,43.287,78.657,6949.010581
14377100,17800,379.99984244675596,1962,2019,57,1,75.315,2887.795,5823.491,27.4,17100311,1,North Coast,North Coastal Mountains,1,North Coast,1,2666.941,43.287,78.657,6949.010581
14378200,58700,987.9995903615655,1961,1981,20,1,84.472,2675.853,6893.045,33.4,17100311,1,North Coast,North Coastal Mountains,1,North Coast,1,2666.941,43.287,78.657,6949.010581
